timestamp,executed,status,duration,mem_mean,mem_median,mem_peak,return_code,output,tool,benchmark,dataset,model,phase
1712863772,True,success,3.82,500788170.1052632,593793024.0,768479232,0,/experiments/comparison/prophecy/1/BM7/ruleset.csv,prophecy,trustbench,BM,BM7,analyze
1712863775,True,success,3.82,516292608.0,608002048.0,755838976,0,/experiments/comparison/prophecy/1/BM2/ruleset.csv,prophecy,trustbench,BM,BM2,analyze
1712863779,True,success,3.63,552549262.2222222,625981440.0,764440576,0,/experiments/comparison/prophecy/1/BM11/ruleset.csv,prophecy,trustbench,BM,BM11,analyze
1712863783,True,success,4.02,529327718.4,619808768.0,764231680,0,/experiments/comparison/prophecy/1/BM3/ruleset.csv,prophecy,trustbench,BM,BM3,analyze
1712863787,True,success,3.63,539729009.7777778,612564992.0,750989312,0,/experiments/comparison/prophecy/1/BM5/ruleset.csv,prophecy,trustbench,BM,BM5,analyze
1712863791,True,success,3.82,560394024.4210526,629194752.0,762773504,0,/experiments/comparison/prophecy/1/BM12/ruleset.csv,prophecy,trustbench,BM,BM12,analyze
1712863794,True,success,4.23,588353926.0952381,665366528.0,786939904,0,/experiments/comparison/prophecy/1/BM8/ruleset.csv,prophecy,trustbench,BM,BM8,analyze
1712863799,True,success,3.63,543136426.6666666,617203712.0,758161408,0,/experiments/comparison/prophecy/1/BM9/ruleset.csv,prophecy,trustbench,BM,BM9,analyze
1712863802,True,success,4.43,590628119.2727273,659269632.0,794402816,0,/experiments/comparison/prophecy/1/BM4/ruleset.csv,prophecy,trustbench,BM,BM4,analyze
1712863807,True,success,4.43,550834920.7272727,640606208.0,766656512,0,/experiments/comparison/prophecy/1/BM1/ruleset.csv,prophecy,trustbench,BM,BM1,analyze
1712863811,True,success,3.82,504820789.8947368,603320320.0,761950208,0,/experiments/comparison/prophecy/1/BM6/ruleset.csv,prophecy,trustbench,BM,BM6,analyze
1712863815,True,success,4.03,527673548.8,618717184.0,754876416,0,/experiments/comparison/prophecy/1/BM10/ruleset.csv,prophecy,trustbench,BM,BM10,analyze
1712863819,True,success,3.22,521767936.0,601870336.0,745996288,0,/experiments/comparison/prophecy/1/GC3/ruleset.csv,prophecy,trustbench,GC,GC3,analyze
1712863822,True,success,3.42,488686531.7647059,586608640.0,753315840,0,/experiments/comparison/prophecy/1/GC5/ruleset.csv,prophecy,trustbench,GC,GC5,analyze
1712863826,True,success,3.42,493283448.4705882,592535552.0,758173696,0,/experiments/comparison/prophecy/1/GC6/ruleset.csv,prophecy,trustbench,GC,GC6,analyze
1712863829,True,success,3.22,521326080.0,602759168.0,744906752,0,/experiments/comparison/prophecy/1/GC4/ruleset.csv,prophecy,trustbench,GC,GC4,analyze
1712863833,True,success,3.42,484194906.3529412,582688768.0,738189312,0,/experiments/comparison/prophecy/1/GC9/ruleset.csv,prophecy,trustbench,GC,GC9,analyze
1712863836,True,success,3.22,519172608.0,600231936.0,742703104,0,/experiments/comparison/prophecy/1/GC1/ruleset.csv,prophecy,trustbench,GC,GC1,analyze
1712863839,True,success,3.42,491766000.9411765,589787136.0,755576832,0,/experiments/comparison/prophecy/1/GC7/ruleset.csv,prophecy,trustbench,GC,GC7,analyze
1712863843,True,success,3.42,519082947.7647059,598671360.0,728608768,0,/experiments/comparison/prophecy/1/GC2/ruleset.csv,prophecy,trustbench,GC,GC2,analyze
1712863846,True,success,3.22,521332736.0,601968640.0,747880448,0,/experiments/comparison/prophecy/1/GC8/ruleset.csv,prophecy,trustbench,GC,GC8,analyze
1712863849,True,success,3.22,495646464.0,574758912.0,720891904,0,/experiments/comparison/prophecy/1/HP4/ruleset.csv,prophecy,trustbench,HP,HP4,analyze
1712863853,True,success,3.22,526765056.0,607186944.0,763269120,0,/experiments/comparison/prophecy/1/HP3/ruleset.csv,prophecy,trustbench,HP,HP3,analyze
1712863856,True,success,3.22,521631744.0,602406912.0,746299392,0,/experiments/comparison/prophecy/1/HP2/ruleset.csv,prophecy,trustbench,HP,HP2,analyze
1712863859,True,success,3.22,521923072.0,602177536.0,747364352,0,/experiments/comparison/prophecy/1/HP1/ruleset.csv,prophecy,trustbench,HP,HP1,analyze
1712863862,True,success,3.22,514526720.0,594526208.0,738381824,0,/experiments/comparison/prophecy/1/PD2/ruleset.csv,prophecy,trustbench,PD,PD2,analyze
1712863866,True,success,3.22,521511424.0,601919488.0,746352640,0,/experiments/comparison/prophecy/1/PD1/ruleset.csv,prophecy,trustbench,PD,PD1,analyze
1712863869,True,success,3.42,526856432.9411765,605880320.0,749539328,0,/experiments/comparison/prophecy/1/PD4/ruleset.csv,prophecy,trustbench,PD,PD4,analyze
1712863872,True,success,3.22,522599680.0,603516928.0,747741184,0,/experiments/comparison/prophecy/1/PD3/ruleset.csv,prophecy,trustbench,PD,PD3,analyze
1712863876,True,success,118.42,3744157779.591837,3906850816.0,4379942912,0,/experiments/comparison/prophecy/1/CIFAR10/ruleset.csv,prophecy,trustbench,CIFAR10,CIFAR10,analyze
1712863996,True,success,3.83,479599993.2631579,563740672.0,713838592,0,/experiments/comparison/prophecy/1/BM7/predictions/results_clf.csv,prophecy,trustbench,BM,BM7,infer
1712863999,True,success,3.63,474235335.1111111,562173952.0,715968512,0,/experiments/comparison/prophecy/1/BM2/predictions/results_clf.csv,prophecy,trustbench,BM,BM2,infer
1712864003,True,success,3.42,534140807.5294118,616841216.0,738742272,0,/experiments/comparison/prophecy/1/BM11/predictions/results_clf.csv,prophecy,trustbench,BM,BM11,infer
1712864007,True,success,3.22,513415680.0,594485248.0,730546176,0,/experiments/comparison/prophecy/1/BM3/predictions/results_clf.csv,prophecy,trustbench,BM,BM3,infer
1712864010,True,success,3.42,487921543.5294118,587796480.0,736559104,0,/experiments/comparison/prophecy/1/BM5/predictions/results_clf.csv,prophecy,trustbench,BM,BM5,infer
1712864013,True,success,3.42,523900566.5882353,605532160.0,728649728,0,/experiments/comparison/prophecy/1/BM12/predictions/results_clf.csv,prophecy,trustbench,BM,BM12,infer
1712864017,True,success,3.62,546494691.5555556,628195328.0,742727680,0,/experiments/comparison/prophecy/1/BM8/predictions/results_clf.csv,prophecy,trustbench,BM,BM8,infer
1712864020,True,success,3.42,475307791.0588235,572596224.0,721760256,0,/experiments/comparison/prophecy/1/BM9/predictions/results_clf.csv,prophecy,trustbench,BM,BM9,infer
1712864024,True,success,3.63,498988600.8888889,595970048.0,737300480,0,/experiments/comparison/prophecy/1/BM4/predictions/results_clf.csv,prophecy,trustbench,BM,BM4,infer
1712864027,True,success,3.42,532261707.2941176,614105088.0,737505280,0,/experiments/comparison/prophecy/1/BM1/predictions/results_clf.csv,prophecy,trustbench,BM,BM1,infer
1712864031,True,success,3.42,530163832.4705882,615882752.0,738250752,0,/experiments/comparison/prophecy/1/BM6/predictions/results_clf.csv,prophecy,trustbench,BM,BM6,infer
1712864034,True,success,3.42,516409946.3529412,597008384.0,720887808,0,/experiments/comparison/prophecy/1/BM10/predictions/results_clf.csv,prophecy,trustbench,BM,BM10,infer
1712864038,True,success,3.02,500978483.2,583413760.0,730021888,0,/experiments/comparison/prophecy/1/GC3/predictions/results_clf.csv,prophecy,trustbench,GC,GC3,infer
1712864041,True,success,3.22,513882624.0,598968320.0,734085120,0,/experiments/comparison/prophecy/1/GC5/predictions/results_clf.csv,prophecy,trustbench,GC,GC5,infer
1712864044,True,success,3.02,503481139.2,588062720.0,733753344,0,/experiments/comparison/prophecy/1/GC6/predictions/results_clf.csv,prophecy,trustbench,GC,GC6,infer
1712864047,True,success,3.02,505318604.8,590114816.0,734298112,0,/experiments/comparison/prophecy/1/GC4/predictions/results_clf.csv,prophecy,trustbench,GC,GC4,infer
1712864050,True,success,3.02,506950997.3333333,592248832.0,738488320,0,/experiments/comparison/prophecy/1/GC9/predictions/results_clf.csv,prophecy,trustbench,GC,GC9,infer
1712864053,True,success,3.02,506427528.53333336,590807040.0,738009088,0,/experiments/comparison/prophecy/1/GC1/predictions/results_clf.csv,prophecy,trustbench,GC,GC1,infer
1712864056,True,success,3.02,469469866.6666667,550875136.0,696844288,0,/experiments/comparison/prophecy/1/GC7/predictions/results_clf.csv,prophecy,trustbench,GC,GC7,infer
1712864059,True,success,3.02,502354739.2,586018816.0,732524544,0,/experiments/comparison/prophecy/1/GC2/predictions/results_clf.csv,prophecy,trustbench,GC,GC2,infer
1712864062,True,success,3.02,502640640.0,585920512.0,731791360,0,/experiments/comparison/prophecy/1/GC8/predictions/results_clf.csv,prophecy,trustbench,GC,GC8,infer
1712864065,True,success,3.02,499926903.4666666,584581120.0,730771456,0,/experiments/comparison/prophecy/1/HP4/predictions/results_clf.csv,prophecy,trustbench,HP,HP4,infer
1712864069,True,success,3.02,501968896.0,586047488.0,733487104,0,/experiments/comparison/prophecy/1/HP3/predictions/results_clf.csv,prophecy,trustbench,HP,HP3,infer
1712864072,True,success,3.22,473733376.0,580552704.0,738045952,0,/experiments/comparison/prophecy/1/HP2/predictions/results_clf.csv,prophecy,trustbench,HP,HP2,infer
1712864075,True,success,3.02,500642884.26666665,584310784.0,730914816,0,/experiments/comparison/prophecy/1/HP1/predictions/results_clf.csv,prophecy,trustbench,HP,HP1,infer
1712864078,True,success,3.02,506387387.73333335,590979072.0,737148928,0,/experiments/comparison/prophecy/1/PD2/predictions/results_clf.csv,prophecy,trustbench,PD,PD2,infer
1712864081,True,success,3.02,500060979.2,583880704.0,728625152,0,/experiments/comparison/prophecy/1/PD1/predictions/results_clf.csv,prophecy,trustbench,PD,PD1,infer
1712864084,True,success,3.02,502852266.6666667,587624448.0,733904896,0,/experiments/comparison/prophecy/1/PD4/predictions/results_clf.csv,prophecy,trustbench,PD,PD4,infer
1712864087,True,success,3.02,504343210.6666667,589344768.0,734216192,0,/experiments/comparison/prophecy/1/PD3/predictions/results_clf.csv,prophecy,trustbench,PD,PD3,infer
1712864090,True,success,25.97,1621869337.7984495,1686380544.0,2110423040,0,/experiments/comparison/prophecy/1/CIFAR10/predictions/results_clf.csv,prophecy,trustbench,CIFAR10,CIFAR10,infer
1712864118,True,success,3.22,364651520.0,422000640.0,786235392,0,/experiments/comparison/deepinfer/1/BM7/analysis.json,deepinfer,trustbench,BM,BM7,analyze
1712864121,True,success,3.62,355561244.4444444,405291008.0,692654080,0,/experiments/comparison/deepinfer/1/BM2/analysis.json,deepinfer,trustbench,BM,BM2,analyze
1712864125,True,success,3.02,420203997.8666667,466915328.0,666812416,0,/experiments/comparison/deepinfer/1/BM11/analysis.json,deepinfer,trustbench,BM,BM11,analyze
1712864128,True,success,3.62,364546503.1111111,433002496.0,782999552,0,/experiments/comparison/deepinfer/1/BM3/analysis.json,deepinfer,trustbench,BM,BM3,analyze
1712864131,True,success,3.02,416941397.3333333,445419520.0,677552128,0,/experiments/comparison/deepinfer/1/BM5/analysis.json,deepinfer,trustbench,BM,BM5,analyze
1712864134,True,success,3.22,450131968.0,476823552.0,690704384,0,/experiments/comparison/deepinfer/1/BM12/analysis.json,deepinfer,trustbench,BM,BM12,analyze
1712864137,True,success,3.42,400735292.2352941,444416000.0,792870912,0,/experiments/comparison/deepinfer/1/BM8/analysis.json,deepinfer,trustbench,BM,BM8,analyze
1712864141,True,success,2.82,421302857.14285713,451614720.0,745189376,0,/experiments/comparison/deepinfer/1/BM9/analysis.json,deepinfer,trustbench,BM,BM9,analyze
1712864144,True,success,3.82,488343013.0526316,606826496.0,694136832,0,/experiments/comparison/deepinfer/1/BM4/analysis.json,deepinfer,trustbench,BM,BM4,analyze
1712864148,True,success,2.82,448961389.7142857,470374400.0,664211456,0,/experiments/comparison/deepinfer/1/BM1/analysis.json,deepinfer,trustbench,BM,BM1,analyze
1712864150,True,success,5.63,210533814.85714287,133120.0,741601280,0,/experiments/comparison/deepinfer/1/BM6/analysis.json,deepinfer,trustbench,BM,BM6,analyze
1712864156,True,success,3.22,334935296.0,386619392.0,716742656,0,/experiments/comparison/deepinfer/1/BM10/analysis.json,deepinfer,trustbench,BM,BM10,analyze
1712864159,True,success,4.63,249769984.0,130416640.0,689180672,0,/experiments/comparison/deepinfer/1/GC3/analysis.json,deepinfer,trustbench,GC,GC3,analyze
1712864164,True,success,10.05,195526328.32,0.0,690868224,0,/experiments/comparison/deepinfer/1/GC5/analysis.json,deepinfer,trustbench,GC,GC5,analyze
1712864174,True,success,2.82,414862774.85714287,455729152.0,690098176,0,/experiments/comparison/deepinfer/1/GC6/analysis.json,deepinfer,trustbench,GC,GC6,analyze
1712864177,True,success,3.62,306956515.5555556,404537344.0,640290816,0,/experiments/comparison/deepinfer/1/GC4/analysis.json,deepinfer,trustbench,GC,GC4,analyze
1712864181,True,success,3.02,382679995.73333335,440246272.0,744095744,0,/experiments/comparison/deepinfer/1/GC9/analysis.json,deepinfer,trustbench,GC,GC9,analyze
1712864184,True,success,5.42,214836413.62962964,0.0,691130368,0,/experiments/comparison/deepinfer/1/GC1/analysis.json,deepinfer,trustbench,GC,GC1,analyze
1712864189,True,success,7.24,173317233.7777778,0.0,694104064,0,/experiments/comparison/deepinfer/1/GC7/analysis.json,deepinfer,trustbench,GC,GC7,analyze
1712864196,True,success,4.42,265351726.54545453,155435008.0,704962560,0,/experiments/comparison/deepinfer/1/GC2/analysis.json,deepinfer,trustbench,GC,GC2,analyze
1712864201,True,success,2.82,412254793.14285713,449032192.0,696229888,0,/experiments/comparison/deepinfer/1/GC8/analysis.json,deepinfer,trustbench,GC,GC8,analyze
1712864204,True,success,2.82,411201536.0,449433600.0,689446912,0,/experiments/comparison/deepinfer/1/HP4/analysis.json,deepinfer,trustbench,HP,HP4,analyze
1712864207,True,success,2.62,443638075.0769231,461959168.0,691298304,0,/experiments/comparison/deepinfer/1/HP3/analysis.json,deepinfer,trustbench,HP,HP3,analyze
1712864209,True,success,3.22,348044288.0,431888384.0,640454656,0,/experiments/comparison/deepinfer/1/HP2/analysis.json,deepinfer,trustbench,HP,HP2,analyze
1712864212,True,success,2.62,437634599.38461536,460398592.0,678711296,0,/experiments/comparison/deepinfer/1/HP1/analysis.json,deepinfer,trustbench,HP,HP1,analyze
1712864215,True,success,2.62,449795623.38461536,467959808.0,696393728,0,/experiments/comparison/deepinfer/1/PD2/analysis.json,deepinfer,trustbench,PD,PD2,analyze
1712864218,True,success,2.62,448206690.4615384,468250624.0,689418240,0,/experiments/comparison/deepinfer/1/PD1/analysis.json,deepinfer,trustbench,PD,PD1,analyze
1712864220,True,success,2.82,459657216.0,473450496.0,687562752,0,/experiments/comparison/deepinfer/1/PD4/analysis.json,deepinfer,trustbench,PD,PD4,analyze
1712864223,True,success,2.62,446632566.1538461,465911808.0,691965952,0,/experiments/comparison/deepinfer/1/PD3/analysis.json,deepinfer,trustbench,PD,PD3,analyze
1712864226,True,success,55.72,11411833941.02527,10966290432.0,30567002112,0,/experiments/comparison/deepinfer/1/CIFAR10/analysis.json,deepinfer,trustbench,CIFAR10,CIFAR10,analyze
1712864283,True,success,2.62,418683667.6923077,445480960.0,639844352,0,/experiments/comparison/deepinfer/1/BM7/implications.csv,deepinfer,trustbench,BM,BM7,infer
1712864285,True,success,2.61,435954609.2307692,457879552.0,670810112,0,/experiments/comparison/deepinfer/1/BM2/implications.csv,deepinfer,trustbench,BM,BM2,infer
1712864288,True,success,2.61,437662326.1538461,456577024.0,678195200,0,/experiments/comparison/deepinfer/1/BM11/implications.csv,deepinfer,trustbench,BM,BM11,infer
1712864291,True,success,2.62,443537565.5384616,462831616.0,683872256,0,/experiments/comparison/deepinfer/1/BM3/implications.csv,deepinfer,trustbench,BM,BM3,infer
1712864293,True,success,2.62,444653883.0769231,466710528.0,679354368,0,/experiments/comparison/deepinfer/1/BM5/implications.csv,deepinfer,trustbench,BM,BM5,infer
1712864296,True,success,2.62,442246380.3076923,462569472.0,681984000,0,/experiments/comparison/deepinfer/1/BM12/implications.csv,deepinfer,trustbench,BM,BM12,infer
1712864299,True,success,2.62,446273378.4615384,466501632.0,686944256,0,/experiments/comparison/deepinfer/1/BM8/implications.csv,deepinfer,trustbench,BM,BM8,infer
1712864301,True,success,2.62,447563933.5384616,467652608.0,689250304,0,/experiments/comparison/deepinfer/1/BM9/implications.csv,deepinfer,trustbench,BM,BM9,infer
1712864304,True,success,2.82,404244187.4285714,455460864.0,666398720,0,/experiments/comparison/deepinfer/1/BM4/implications.csv,deepinfer,trustbench,BM,BM4,infer
1712864307,True,success,2.61,444939342.7692308,464998400.0,684347392,0,/experiments/comparison/deepinfer/1/BM1/implications.csv,deepinfer,trustbench,BM,BM1,infer
1712864309,True,success,2.61,443802545.2307692,466952192.0,679559168,0,/experiments/comparison/deepinfer/1/BM6/implications.csv,deepinfer,trustbench,BM,BM6,infer
1712864312,True,success,2.62,447839310.7692308,468021248.0,688390144,0,/experiments/comparison/deepinfer/1/BM10/implications.csv,deepinfer,trustbench,BM,BM10,infer
1712864315,True,success,2.61,444547072.0,464343040.0,684179456,0,/experiments/comparison/deepinfer/1/GC3/implications.csv,deepinfer,trustbench,GC,GC3,infer
1712864317,True,success,2.61,447215458.4615384,467771392.0,685346816,0,/experiments/comparison/deepinfer/1/GC5/implications.csv,deepinfer,trustbench,GC,GC5,infer
1712864320,True,success,2.62,444636553.84615386,465580032.0,681213952,0,/experiments/comparison/deepinfer/1/GC6/implications.csv,deepinfer,trustbench,GC,GC6,infer
1712864323,True,success,2.82,461204333.7142857,475879424.0,687824896,0,/experiments/comparison/deepinfer/1/GC4/implications.csv,deepinfer,trustbench,GC,GC4,infer
1712864325,True,success,2.62,443431069.5384616,466087936.0,678617088,0,/experiments/comparison/deepinfer/1/GC9/implications.csv,deepinfer,trustbench,GC,GC9,infer
1712864328,True,success,2.62,428375433.84615386,464912384.0,639041536,0,/experiments/comparison/deepinfer/1/GC1/implications.csv,deepinfer,trustbench,GC,GC1,infer
1712864331,True,success,2.62,427320556.3076923,465424384.0,636252160,0,/experiments/comparison/deepinfer/1/GC7/implications.csv,deepinfer,trustbench,GC,GC7,infer
1712864333,True,success,2.62,446073934.7692308,468217856.0,681881600,0,/experiments/comparison/deepinfer/1/GC2/implications.csv,deepinfer,trustbench,GC,GC2,infer
1712864336,True,success,2.61,446683923.6923077,464637952.0,688988160,0,/experiments/comparison/deepinfer/1/GC8/implications.csv,deepinfer,trustbench,GC,GC8,infer
1712864339,True,success,2.62,440622473.84615386,459911168.0,677822464,0,/experiments/comparison/deepinfer/1/HP4/implications.csv,deepinfer,trustbench,HP,HP4,infer
1712864341,True,success,2.62,442854793.84615386,468914176.0,672718848,0,/experiments/comparison/deepinfer/1/HP3/implications.csv,deepinfer,trustbench,HP,HP3,infer
1712864344,True,success,2.62,445837312.0,468860928.0,681414656,0,/experiments/comparison/deepinfer/1/HP2/implications.csv,deepinfer,trustbench,HP,HP2,infer
1712864347,True,success,2.62,442151857.2307692,462950400.0,680460288,0,/experiments/comparison/deepinfer/1/HP1/implications.csv,deepinfer,trustbench,HP,HP1,infer
1712864349,True,success,2.82,462412653.7142857,474013696.0,684666880,0,/experiments/comparison/deepinfer/1/PD2/implications.csv,deepinfer,trustbench,PD,PD2,infer
1712864352,True,success,2.62,443179008.0,463474688.0,681627648,0,/experiments/comparison/deepinfer/1/PD1/implications.csv,deepinfer,trustbench,PD,PD1,infer
1712864355,True,success,2.62,442286080.0,464310272.0,677224448,0,/experiments/comparison/deepinfer/1/PD4/implications.csv,deepinfer,trustbench,PD,PD4,infer
1712864357,True,success,2.62,440247217.2307692,462610432.0,675946496,0,/experiments/comparison/deepinfer/1/PD3/implications.csv,deepinfer,trustbench,PD,PD3,infer
1712864360,True,success,29.01,11273412721.77778,10872641536.0,30562799616,0,/experiments/comparison/deepinfer/1/CIFAR10/implications.csv,deepinfer,trustbench,CIFAR10,CIFAR10,infer
1712864390,True,success,10.66,746174734.490566,654827520.0,3857063936,0,/experiments/comparison/selfchecker/1/BM7/pred_labels_valid.npy,selfchecker,trustbench,BM,BM7,analyze
1712864401,True,success,7.24,755006919.1111112,752504832.0,4040695808,0,/experiments/comparison/selfchecker/1/BM2/pred_labels_valid.npy,selfchecker,trustbench,BM,BM2,analyze
1712864408,True,success,6.43,829897216.0,723269632.0,4684353536,0,/experiments/comparison/selfchecker/1/BM11/pred_labels_valid.npy,selfchecker,trustbench,BM,BM11,analyze
1712864415,True,success,9.05,1053206118.4,574697472.0,3998629888,0,/experiments/comparison/selfchecker/1/BM3/pred_labels_valid.npy,selfchecker,trustbench,BM,BM3,analyze
1712864424,True,success,6.23,747050281.2903225,742494208.0,3977179136,0,/experiments/comparison/selfchecker/1/BM5/pred_labels_valid.npy,selfchecker,trustbench,BM,BM5,analyze
1712864430,True,success,8.45,939978556.9523808,753698816.0,4678705152,0,/experiments/comparison/selfchecker/1/BM12/pred_labels_valid.npy,selfchecker,trustbench,BM,BM12,analyze
1712864439,True,success,12.26,822131191.6065574,692060160.0,4647153664,0,/experiments/comparison/selfchecker/1/BM8/pred_labels_valid.npy,selfchecker,trustbench,BM,BM8,analyze
1712864451,True,success,6.64,941350787.878788,668545024.0,4382638080,0,/experiments/comparison/selfchecker/1/BM9/pred_labels_valid.npy,selfchecker,trustbench,BM,BM9,analyze
1712864458,True,success,20.9,828226166.1538461,796049408.0,3901767680,0,/experiments/comparison/selfchecker/1/BM4/pred_labels_valid.npy,selfchecker,trustbench,BM,BM4,analyze
1712864479,True,success,8.45,783379699.8095238,685281280.0,4274597888,0,/experiments/comparison/selfchecker/1/BM1/pred_labels_valid.npy,selfchecker,trustbench,BM,BM1,analyze
1712864487,True,success,5.84,848128776.8275862,649732096.0,4160258048,0,/experiments/comparison/selfchecker/1/BM6/pred_labels_valid.npy,selfchecker,trustbench,BM,BM6,analyze
1712864493,True,success,6.44,801263488.0,698685440.0,4527030272,0,/experiments/comparison/selfchecker/1/BM10/pred_labels_valid.npy,selfchecker,trustbench,BM,BM10,analyze
1712864499,True,success,3.22,909922304.0,571348992.0,4147965952,0,/experiments/comparison/selfchecker/1/GC3/pred_labels_valid.npy,selfchecker,trustbench,GC,GC3,analyze
1712864503,True,success,3.83,1089196247.5789473,617299968.0,4363665408,0,/experiments/comparison/selfchecker/1/GC5/pred_labels_valid.npy,selfchecker,trustbench,GC,GC5,analyze
1712864506,True,success,3.62,885260743.1111112,603906048.0,4021223424,0,/experiments/comparison/selfchecker/1/GC6/pred_labels_valid.npy,selfchecker,trustbench,GC,GC6,analyze
1712864510,True,success,3.42,977383905.882353,590528512.0,4727713792,0,/experiments/comparison/selfchecker/1/GC4/pred_labels_valid.npy,selfchecker,trustbench,GC,GC4,analyze
1712864514,True,success,3.62,771696184.8888888,576907264.0,4053790720,0,/experiments/comparison/selfchecker/1/GC9/pred_labels_valid.npy,selfchecker,trustbench,GC,GC9,analyze
1712864517,True,success,3.42,778924032.0,559083520.0,4051791872,0,/experiments/comparison/selfchecker/1/GC1/pred_labels_valid.npy,selfchecker,trustbench,GC,GC1,analyze
1712864521,True,success,3.43,776196096.0,585756672.0,3880304640,0,/experiments/comparison/selfchecker/1/GC7/pred_labels_valid.npy,selfchecker,trustbench,GC,GC7,analyze
1712864524,True,success,3.62,868059818.6666666,583768064.0,4085071872,0,/experiments/comparison/selfchecker/1/GC2/pred_labels_valid.npy,selfchecker,trustbench,GC,GC2,analyze
1712864528,True,success,3.42,879635516.2352941,594739200.0,4032864256,0,/experiments/comparison/selfchecker/1/GC8/pred_labels_valid.npy,selfchecker,trustbench,GC,GC8,analyze
1712864531,True,success,3.62,870666012.4444444,592543744.0,4520308736,0,/experiments/comparison/selfchecker/1/HP4/pred_labels_valid.npy,selfchecker,trustbench,HP,HP4,analyze
1712864535,True,success,3.42,776811218.8235294,592936960.0,4066902016,0,/experiments/comparison/selfchecker/1/HP3/pred_labels_valid.npy,selfchecker,trustbench,HP,HP3,analyze
1712864538,True,success,3.42,940055130.3529412,594518016.0,4421263360,0,/experiments/comparison/selfchecker/1/HP2/pred_labels_valid.npy,selfchecker,trustbench,HP,HP2,analyze
1712864542,True,success,3.42,714827414.5882353,583618560.0,4058554368,0,/experiments/comparison/selfchecker/1/HP1/pred_labels_valid.npy,selfchecker,trustbench,HP,HP1,analyze
1712864545,True,success,3.42,734047533.1764706,594812928.0,3806146560,0,/experiments/comparison/selfchecker/1/PD2/pred_labels_valid.npy,selfchecker,trustbench,PD,PD2,analyze
1712864549,True,success,3.63,819456000.0,604024832.0,3977142272,0,/experiments/comparison/selfchecker/1/PD1/pred_labels_valid.npy,selfchecker,trustbench,PD,PD1,analyze
1712864552,True,success,3.63,815283541.3333334,605679616.0,4501061632,0,/experiments/comparison/selfchecker/1/PD4/pred_labels_valid.npy,selfchecker,trustbench,PD,PD4,analyze
1712864556,True,success,3.42,888388909.1764706,599928832.0,4083777536,0,/experiments/comparison/selfchecker/1/PD3/pred_labels_valid.npy,selfchecker,trustbench,PD,PD3,analyze
1712864559,True,success,1930.52,5456505042.949124,5434220544.0,42856779776,0,/experiments/comparison/selfchecker/1/CIFAR10/pred_labels_valid.npy,selfchecker,trustbench,CIFAR10,CIFAR10,analyze
1712866492,True,success,5.23,794398089.8461539,665677824.0,4173156352,0,/experiments/comparison/selfchecker/1/BM7/performance.json,selfchecker,trustbench,BM,BM7,infer
1712866497,True,success,4.03,744953856.0,639340544.0,4645081088,0,/experiments/comparison/selfchecker/1/BM2/performance.json,selfchecker,trustbench,BM,BM2,infer
1712866501,True,success,3.82,654032896.0,576589824.0,3750219776,0,/experiments/comparison/selfchecker/1/BM11/performance.json,selfchecker,trustbench,BM,BM11,infer
1712866505,True,success,4.23,693290910.4761904,647303168.0,4127395840,0,/experiments/comparison/selfchecker/1/BM3/performance.json,selfchecker,trustbench,BM,BM3,infer
1712866509,True,success,3.83,668118393.2631578,570470400.0,3951828992,0,/experiments/comparison/selfchecker/1/BM5/performance.json,selfchecker,trustbench,BM,BM5,infer
1712866513,True,success,4.23,647862174.4761904,610267136.0,3594108928,0,/experiments/comparison/selfchecker/1/BM12/performance.json,selfchecker,trustbench,BM,BM12,infer
1712866517,True,success,5.03,639841894.4,615464960.0,3501608960,0,/experiments/comparison/selfchecker/1/BM8/performance.json,selfchecker,trustbench,BM,BM8,infer
1712866522,True,success,4.03,705994547.2,618584064.0,3953897472,0,/experiments/comparison/selfchecker/1/BM9/performance.json,selfchecker,trustbench,BM,BM9,infer
1712866526,True,success,6.84,720107760.9411764,629129216.0,3682910208,0,/experiments/comparison/selfchecker/1/BM4/performance.json,selfchecker,trustbench,BM,BM4,infer
1712866533,True,success,4.43,706968669.0909091,628563968.0,3915501568,0,/experiments/comparison/selfchecker/1/BM1/performance.json,selfchecker,trustbench,BM,BM1,infer
1712866538,True,success,3.62,728469731.5555556,598945792.0,4600799232,0,/experiments/comparison/selfchecker/1/BM6/performance.json,selfchecker,trustbench,BM,BM6,infer
1712866541,True,success,4.02,616603033.6,587833344.0,3582566400,0,/experiments/comparison/selfchecker/1/BM10/performance.json,selfchecker,trustbench,BM,BM10,infer
1712866545,True,success,3.02,663203020.8,569446400.0,3596509184,0,/experiments/comparison/selfchecker/1/GC3/performance.json,selfchecker,trustbench,GC,GC3,infer
1712866548,True,success,3.22,748957696.0,588564480.0,4588826624,0,/experiments/comparison/selfchecker/1/GC5/performance.json,selfchecker,trustbench,GC,GC5,infer
1712866552,True,success,3.22,715859456.0,585588736.0,4044967936,0,/experiments/comparison/selfchecker/1/GC6/performance.json,selfchecker,trustbench,GC,GC6,infer
1712866555,True,success,3.22,693092352.0,586096640.0,3984994304,0,/experiments/comparison/selfchecker/1/GC4/performance.json,selfchecker,trustbench,GC,GC4,infer
1712866558,True,success,3.22,673110016.0,534353920.0,3938463744,0,/experiments/comparison/selfchecker/1/GC9/performance.json,selfchecker,trustbench,GC,GC9,infer
1712866561,True,success,3.22,599582976.0,481751040.0,3526692864,0,/experiments/comparison/selfchecker/1/GC1/performance.json,selfchecker,trustbench,GC,GC1,infer
1712866565,True,success,3.22,722751744.0,578959360.0,4267610112,0,/experiments/comparison/selfchecker/1/GC7/performance.json,selfchecker,trustbench,GC,GC7,infer
1712866568,True,success,3.42,675746755.7647059,570671104.0,4312915968,0,/experiments/comparison/selfchecker/1/GC2/performance.json,selfchecker,trustbench,GC,GC2,infer
1712866571,True,success,3.22,619151360.0,507832320.0,3568529408,0,/experiments/comparison/selfchecker/1/GC8/performance.json,selfchecker,trustbench,GC,GC8,infer
1712866575,True,success,3.22,701443584.0,514658304.0,4648742912,0,/experiments/comparison/selfchecker/1/HP4/performance.json,selfchecker,trustbench,HP,HP4,infer
1712866578,True,success,3.22,671102720.0,581255168.0,3735023616,0,/experiments/comparison/selfchecker/1/HP3/performance.json,selfchecker,trustbench,HP,HP3,infer
1712866581,True,success,3.02,667761595.7333333,551051264.0,3737325568,0,/experiments/comparison/selfchecker/1/HP2/performance.json,selfchecker,trustbench,HP,HP2,infer
1712866584,True,success,3.22,688670464.0,581494784.0,3958472704,0,/experiments/comparison/selfchecker/1/HP1/performance.json,selfchecker,trustbench,HP,HP1,infer
1712866587,True,success,3.22,649054976.0,507398144.0,4012711936,0,/experiments/comparison/selfchecker/1/PD2/performance.json,selfchecker,trustbench,PD,PD2,infer
1712866591,True,success,3.22,615579392.0,514940928.0,3488825344,0,/experiments/comparison/selfchecker/1/PD1/performance.json,selfchecker,trustbench,PD,PD1,infer
1712866594,True,success,3.02,705389090.1333333,547635200.0,4249833472,0,/experiments/comparison/selfchecker/1/PD4/performance.json,selfchecker,trustbench,PD,PD4,infer
1712866597,True,success,3.22,655337216.0,529649664.0,4012851200,0,/experiments/comparison/selfchecker/1/PD3/performance.json,selfchecker,trustbench,PD,PD3,infer
1712866600,True,success,1352.59,2780443207.4011016,2828353536.0,7721189376,0,/experiments/comparison/selfchecker/1/CIFAR10/performance.json,selfchecker,trustbench,CIFAR10,CIFAR10,infer
