idx,corr,inc,corr_layer,inc_layer,eval
0,2,0,"['dense', 'dense_1']",[],correct
1,2,0,"['dense', 'dense_1']",[],correct
2,2,0,"['dense', 'dense_1']",[],correct
3,2,0,"['dense', 'dense_1']",[],correct
4,1,1,['dense_1'],['dense'],uncertain
5,1,1,['dense'],['dense_1'],uncertain
6,0,2,[],"['dense', 'dense_1']",incorrect
7,1,1,['dense_1'],['dense'],uncertain
8,2,0,"['dense', 'dense_1']",[],correct
9,2,0,"['dense', 'dense_1']",[],correct
10,2,0,"['dense', 'dense_1']",[],correct
11,1,1,['dense'],['dense_1'],uncertain
12,0,2,[],"['dense', 'dense_1']",incorrect
13,2,0,"['dense', 'dense_1']",[],correct
14,2,0,"['dense', 'dense_1']",[],correct
15,2,0,"['dense', 'dense_1']",[],correct
16,2,0,"['dense', 'dense_1']",[],correct
17,2,0,"['dense', 'dense_1']",[],correct
18,2,0,"['dense', 'dense_1']",[],correct
19,1,1,['dense'],['dense_1'],uncertain
20,2,0,"['dense', 'dense_1']",[],correct
21,1,1,['dense'],['dense_1'],uncertain
22,2,0,"['dense', 'dense_1']",[],correct
23,2,0,"['dense', 'dense_1']",[],correct
24,1,1,['dense'],['dense_1'],uncertain
25,2,0,"['dense', 'dense_1']",[],correct
26,2,0,"['dense', 'dense_1']",[],correct
27,1,1,['dense'],['dense_1'],uncertain
28,2,0,"['dense', 'dense_1']",[],correct
29,2,0,"['dense', 'dense_1']",[],correct
30,2,0,"['dense', 'dense_1']",[],correct
31,2,0,"['dense', 'dense_1']",[],correct
32,1,1,['dense'],['dense_1'],uncertain
33,2,0,"['dense', 'dense_1']",[],correct
34,1,1,['dense'],['dense_1'],uncertain
35,2,0,"['dense', 'dense_1']",[],correct
36,2,0,"['dense', 'dense_1']",[],correct
37,2,0,"['dense', 'dense_1']",[],correct
38,2,0,"['dense', 'dense_1']",[],correct
39,2,0,"['dense', 'dense_1']",[],correct
40,2,0,"['dense', 'dense_1']",[],correct
41,2,0,"['dense', 'dense_1']",[],correct
42,2,0,"['dense', 'dense_1']",[],correct
43,2,0,"['dense', 'dense_1']",[],correct
44,2,0,"['dense', 'dense_1']",[],correct
45,2,0,"['dense', 'dense_1']",[],correct
46,1,1,['dense'],['dense_1'],uncertain
47,2,0,"['dense', 'dense_1']",[],correct
48,2,0,"['dense', 'dense_1']",[],correct
49,2,0,"['dense', 'dense_1']",[],correct
50,0,2,[],"['dense', 'dense_1']",incorrect
51,1,1,['dense'],['dense_1'],uncertain
52,2,0,"['dense', 'dense_1']",[],correct
53,2,0,"['dense', 'dense_1']",[],correct
54,2,0,"['dense', 'dense_1']",[],correct
55,2,0,"['dense', 'dense_1']",[],correct
56,2,0,"['dense', 'dense_1']",[],correct
57,2,0,"['dense', 'dense_1']",[],correct
58,1,1,['dense_1'],['dense'],uncertain
59,2,0,"['dense', 'dense_1']",[],correct
60,2,0,"['dense', 'dense_1']",[],correct
61,1,1,['dense_1'],['dense'],uncertain
62,2,0,"['dense', 'dense_1']",[],correct
63,2,0,"['dense', 'dense_1']",[],correct
64,2,0,"['dense', 'dense_1']",[],correct
65,2,0,"['dense', 'dense_1']",[],correct
66,2,0,"['dense', 'dense_1']",[],correct
67,1,1,['dense_1'],['dense'],uncertain
68,1,1,['dense_1'],['dense'],uncertain
69,2,0,"['dense', 'dense_1']",[],correct
70,2,0,"['dense', 'dense_1']",[],correct
71,1,1,['dense'],['dense_1'],uncertain
72,1,1,['dense'],['dense_1'],uncertain
73,2,0,"['dense', 'dense_1']",[],correct
74,1,1,['dense'],['dense_1'],uncertain
75,2,0,"['dense', 'dense_1']",[],correct
76,2,0,"['dense', 'dense_1']",[],correct
77,2,0,"['dense', 'dense_1']",[],correct
78,2,0,"['dense', 'dense_1']",[],correct
79,1,1,['dense'],['dense_1'],uncertain
80,1,1,['dense_1'],['dense'],uncertain
81,2,0,"['dense', 'dense_1']",[],correct
82,2,0,"['dense', 'dense_1']",[],correct
83,2,0,"['dense', 'dense_1']",[],correct
84,2,0,"['dense', 'dense_1']",[],correct
85,2,0,"['dense', 'dense_1']",[],correct
86,1,1,['dense'],['dense_1'],uncertain
87,1,1,['dense'],['dense_1'],uncertain
88,2,0,"['dense', 'dense_1']",[],correct
89,0,2,[],"['dense', 'dense_1']",incorrect
90,1,1,['dense'],['dense_1'],uncertain
91,1,1,['dense_1'],['dense'],uncertain
92,1,1,['dense'],['dense_1'],uncertain
93,2,0,"['dense', 'dense_1']",[],correct
94,2,0,"['dense', 'dense_1']",[],correct
95,2,0,"['dense', 'dense_1']",[],correct
96,1,1,['dense'],['dense_1'],uncertain
97,2,0,"['dense', 'dense_1']",[],correct
98,2,0,"['dense', 'dense_1']",[],correct
99,1,1,['dense_1'],['dense'],uncertain
100,2,0,"['dense', 'dense_1']",[],correct
101,1,1,['dense_1'],['dense'],uncertain
102,2,0,"['dense', 'dense_1']",[],correct
103,2,0,"['dense', 'dense_1']",[],correct
104,0,2,[],"['dense', 'dense_1']",incorrect
105,2,0,"['dense', 'dense_1']",[],correct
106,2,0,"['dense', 'dense_1']",[],correct
107,2,0,"['dense', 'dense_1']",[],correct
108,2,0,"['dense', 'dense_1']",[],correct
109,1,1,['dense_1'],['dense'],uncertain
110,2,0,"['dense', 'dense_1']",[],correct
111,2,0,"['dense', 'dense_1']",[],correct
112,2,0,"['dense', 'dense_1']",[],correct
113,1,1,['dense'],['dense_1'],uncertain
114,2,0,"['dense', 'dense_1']",[],correct
115,1,1,['dense_1'],['dense'],uncertain
116,1,1,['dense_1'],['dense'],uncertain
117,2,0,"['dense', 'dense_1']",[],correct
118,1,1,['dense'],['dense_1'],uncertain
119,2,0,"['dense', 'dense_1']",[],correct
120,0,2,[],"['dense', 'dense_1']",incorrect
121,2,0,"['dense', 'dense_1']",[],correct
122,2,0,"['dense', 'dense_1']",[],correct
123,2,0,"['dense', 'dense_1']",[],correct
124,1,1,['dense_1'],['dense'],uncertain
125,2,0,"['dense', 'dense_1']",[],correct
126,1,1,['dense'],['dense_1'],uncertain
127,2,0,"['dense', 'dense_1']",[],correct
128,2,0,"['dense', 'dense_1']",[],correct
129,2,0,"['dense', 'dense_1']",[],correct
130,2,0,"['dense', 'dense_1']",[],correct
131,1,1,['dense'],['dense_1'],uncertain
132,1,1,['dense'],['dense_1'],uncertain
133,2,0,"['dense', 'dense_1']",[],correct
134,2,0,"['dense', 'dense_1']",[],correct
135,2,0,"['dense', 'dense_1']",[],correct
136,2,0,"['dense', 'dense_1']",[],correct
137,2,0,"['dense', 'dense_1']",[],correct
138,2,0,"['dense', 'dense_1']",[],correct
139,1,1,['dense_1'],['dense'],uncertain
140,1,1,['dense_1'],['dense'],uncertain
141,2,0,"['dense', 'dense_1']",[],correct
142,1,1,['dense'],['dense_1'],uncertain
143,1,1,['dense'],['dense_1'],uncertain
144,2,0,"['dense', 'dense_1']",[],correct
145,1,1,['dense_1'],['dense'],uncertain
146,2,0,"['dense', 'dense_1']",[],correct
147,0,2,[],"['dense', 'dense_1']",incorrect
148,2,0,"['dense', 'dense_1']",[],correct
149,2,0,"['dense', 'dense_1']",[],correct
150,2,0,"['dense', 'dense_1']",[],correct
151,2,0,"['dense', 'dense_1']",[],correct
152,1,1,['dense'],['dense_1'],uncertain
153,2,0,"['dense', 'dense_1']",[],correct
154,2,0,"['dense', 'dense_1']",[],correct
155,2,0,"['dense', 'dense_1']",[],correct
156,0,2,[],"['dense', 'dense_1']",incorrect
157,2,0,"['dense', 'dense_1']",[],correct
158,1,1,['dense'],['dense_1'],uncertain
159,2,0,"['dense', 'dense_1']",[],correct
160,0,2,[],"['dense', 'dense_1']",incorrect
161,2,0,"['dense', 'dense_1']",[],correct
162,0,2,[],"['dense', 'dense_1']",incorrect
163,2,0,"['dense', 'dense_1']",[],correct
164,2,0,"['dense', 'dense_1']",[],correct
165,2,0,"['dense', 'dense_1']",[],correct
166,2,0,"['dense', 'dense_1']",[],correct
167,2,0,"['dense', 'dense_1']",[],correct
168,2,0,"['dense', 'dense_1']",[],correct
169,1,1,['dense_1'],['dense'],uncertain
170,2,0,"['dense', 'dense_1']",[],correct
171,1,1,['dense'],['dense_1'],uncertain
172,0,2,[],"['dense', 'dense_1']",incorrect
173,2,0,"['dense', 'dense_1']",[],correct
174,2,0,"['dense', 'dense_1']",[],correct
175,1,1,['dense_1'],['dense'],uncertain
176,2,0,"['dense', 'dense_1']",[],correct
177,1,1,['dense_1'],['dense'],uncertain
178,2,0,"['dense', 'dense_1']",[],correct
179,1,1,['dense_1'],['dense'],uncertain
180,1,1,['dense'],['dense_1'],uncertain
181,2,0,"['dense', 'dense_1']",[],correct
182,2,0,"['dense', 'dense_1']",[],correct
183,1,1,['dense'],['dense_1'],uncertain
184,0,2,[],"['dense', 'dense_1']",incorrect
185,1,1,['dense_1'],['dense'],uncertain
186,2,0,"['dense', 'dense_1']",[],correct
187,1,1,['dense_1'],['dense'],uncertain
188,2,0,"['dense', 'dense_1']",[],correct
189,2,0,"['dense', 'dense_1']",[],correct
190,1,1,['dense_1'],['dense'],uncertain
191,2,0,"['dense', 'dense_1']",[],correct
192,1,1,['dense_1'],['dense'],uncertain
193,2,0,"['dense', 'dense_1']",[],correct
194,0,2,[],"['dense', 'dense_1']",incorrect
195,2,0,"['dense', 'dense_1']",[],correct
196,1,1,['dense_1'],['dense'],uncertain
197,2,0,"['dense', 'dense_1']",[],correct
198,2,0,"['dense', 'dense_1']",[],correct
199,2,0,"['dense', 'dense_1']",[],correct
200,2,0,"['dense', 'dense_1']",[],correct
201,1,1,['dense'],['dense_1'],uncertain
202,1,1,['dense_1'],['dense'],uncertain
203,1,1,['dense'],['dense_1'],uncertain
204,2,0,"['dense', 'dense_1']",[],correct
205,0,2,[],"['dense', 'dense_1']",incorrect
206,2,0,"['dense', 'dense_1']",[],correct
207,2,0,"['dense', 'dense_1']",[],correct
208,2,0,"['dense', 'dense_1']",[],correct
209,2,0,"['dense', 'dense_1']",[],correct
210,2,0,"['dense', 'dense_1']",[],correct
211,2,0,"['dense', 'dense_1']",[],correct
212,2,0,"['dense', 'dense_1']",[],correct
213,2,0,"['dense', 'dense_1']",[],correct
214,2,0,"['dense', 'dense_1']",[],correct
215,2,0,"['dense', 'dense_1']",[],correct
216,2,0,"['dense', 'dense_1']",[],correct
217,2,0,"['dense', 'dense_1']",[],correct
218,2,0,"['dense', 'dense_1']",[],correct
219,2,0,"['dense', 'dense_1']",[],correct
220,1,1,['dense'],['dense_1'],uncertain
221,2,0,"['dense', 'dense_1']",[],correct
222,2,0,"['dense', 'dense_1']",[],correct
223,2,0,"['dense', 'dense_1']",[],correct
224,2,0,"['dense', 'dense_1']",[],correct
225,2,0,"['dense', 'dense_1']",[],correct
226,2,0,"['dense', 'dense_1']",[],correct
227,2,0,"['dense', 'dense_1']",[],correct
228,2,0,"['dense', 'dense_1']",[],correct
229,2,0,"['dense', 'dense_1']",[],correct
230,2,0,"['dense', 'dense_1']",[],correct
231,2,0,"['dense', 'dense_1']",[],correct
232,1,1,['dense_1'],['dense'],uncertain
233,1,1,['dense'],['dense_1'],uncertain
234,2,0,"['dense', 'dense_1']",[],correct
235,2,0,"['dense', 'dense_1']",[],correct
236,2,0,"['dense', 'dense_1']",[],correct
237,2,0,"['dense', 'dense_1']",[],correct
238,0,2,[],"['dense', 'dense_1']",incorrect
239,1,1,['dense'],['dense_1'],uncertain
240,2,0,"['dense', 'dense_1']",[],correct
241,2,0,"['dense', 'dense_1']",[],correct
242,2,0,"['dense', 'dense_1']",[],correct
243,2,0,"['dense', 'dense_1']",[],correct
244,1,1,['dense'],['dense_1'],uncertain
245,2,0,"['dense', 'dense_1']",[],correct
246,2,0,"['dense', 'dense_1']",[],correct
247,2,0,"['dense', 'dense_1']",[],correct
248,1,1,['dense'],['dense_1'],uncertain
249,2,0,"['dense', 'dense_1']",[],correct
250,1,1,['dense'],['dense_1'],uncertain
251,2,0,"['dense', 'dense_1']",[],correct
252,2,0,"['dense', 'dense_1']",[],correct
253,2,0,"['dense', 'dense_1']",[],correct
254,2,0,"['dense', 'dense_1']",[],correct
255,2,0,"['dense', 'dense_1']",[],correct
256,0,2,[],"['dense', 'dense_1']",incorrect
257,1,1,['dense_1'],['dense'],uncertain
258,2,0,"['dense', 'dense_1']",[],correct
259,2,0,"['dense', 'dense_1']",[],correct
260,2,0,"['dense', 'dense_1']",[],correct
261,2,0,"['dense', 'dense_1']",[],correct
262,2,0,"['dense', 'dense_1']",[],correct
263,2,0,"['dense', 'dense_1']",[],correct
264,2,0,"['dense', 'dense_1']",[],correct
265,2,0,"['dense', 'dense_1']",[],correct
266,0,2,[],"['dense', 'dense_1']",incorrect
267,1,1,['dense'],['dense_1'],uncertain
268,2,0,"['dense', 'dense_1']",[],correct
269,2,0,"['dense', 'dense_1']",[],correct
270,2,0,"['dense', 'dense_1']",[],correct
271,2,0,"['dense', 'dense_1']",[],correct
272,2,0,"['dense', 'dense_1']",[],correct
273,1,1,['dense_1'],['dense'],uncertain
274,1,1,['dense_1'],['dense'],uncertain
275,1,1,['dense_1'],['dense'],uncertain
276,2,0,"['dense', 'dense_1']",[],correct
277,2,0,"['dense', 'dense_1']",[],correct
278,1,1,['dense'],['dense_1'],uncertain
279,2,0,"['dense', 'dense_1']",[],correct
280,1,1,['dense_1'],['dense'],uncertain
281,2,0,"['dense', 'dense_1']",[],correct
282,2,0,"['dense', 'dense_1']",[],correct
283,2,0,"['dense', 'dense_1']",[],correct
284,1,1,['dense_1'],['dense'],uncertain
285,2,0,"['dense', 'dense_1']",[],correct
286,2,0,"['dense', 'dense_1']",[],correct
287,1,1,['dense'],['dense_1'],uncertain
288,1,1,['dense'],['dense_1'],uncertain
289,0,2,[],"['dense', 'dense_1']",incorrect
290,2,0,"['dense', 'dense_1']",[],correct
291,2,0,"['dense', 'dense_1']",[],correct
292,2,0,"['dense', 'dense_1']",[],correct
293,2,0,"['dense', 'dense_1']",[],correct
294,2,0,"['dense', 'dense_1']",[],correct
295,1,1,['dense'],['dense_1'],uncertain
296,2,0,"['dense', 'dense_1']",[],correct
297,2,0,"['dense', 'dense_1']",[],correct
298,1,1,['dense'],['dense_1'],uncertain
299,2,0,"['dense', 'dense_1']",[],correct
300,2,0,"['dense', 'dense_1']",[],correct
301,2,0,"['dense', 'dense_1']",[],correct
302,1,1,['dense'],['dense_1'],uncertain
303,0,2,[],"['dense', 'dense_1']",incorrect
304,2,0,"['dense', 'dense_1']",[],correct
305,2,0,"['dense', 'dense_1']",[],correct
306,2,0,"['dense', 'dense_1']",[],correct
307,2,0,"['dense', 'dense_1']",[],correct
308,1,1,['dense_1'],['dense'],uncertain
309,2,0,"['dense', 'dense_1']",[],correct
310,2,0,"['dense', 'dense_1']",[],correct
311,2,0,"['dense', 'dense_1']",[],correct
312,2,0,"['dense', 'dense_1']",[],correct
313,1,1,['dense_1'],['dense'],uncertain
314,1,1,['dense'],['dense_1'],uncertain
315,2,0,"['dense', 'dense_1']",[],correct
316,1,1,['dense_1'],['dense'],uncertain
317,2,0,"['dense', 'dense_1']",[],correct
318,0,2,[],"['dense', 'dense_1']",incorrect
319,2,0,"['dense', 'dense_1']",[],correct
320,2,0,"['dense', 'dense_1']",[],correct
321,2,0,"['dense', 'dense_1']",[],correct
322,2,0,"['dense', 'dense_1']",[],correct
323,2,0,"['dense', 'dense_1']",[],correct
324,1,1,['dense'],['dense_1'],uncertain
325,2,0,"['dense', 'dense_1']",[],correct
326,2,0,"['dense', 'dense_1']",[],correct
327,1,1,['dense'],['dense_1'],uncertain
328,2,0,"['dense', 'dense_1']",[],correct
329,2,0,"['dense', 'dense_1']",[],correct
330,2,0,"['dense', 'dense_1']",[],correct
331,2,0,"['dense', 'dense_1']",[],correct
332,2,0,"['dense', 'dense_1']",[],correct
333,1,1,['dense_1'],['dense'],uncertain
334,2,0,"['dense', 'dense_1']",[],correct
335,2,0,"['dense', 'dense_1']",[],correct
336,1,1,['dense_1'],['dense'],uncertain
337,2,0,"['dense', 'dense_1']",[],correct
338,2,0,"['dense', 'dense_1']",[],correct
339,2,0,"['dense', 'dense_1']",[],correct
340,2,0,"['dense', 'dense_1']",[],correct
341,2,0,"['dense', 'dense_1']",[],correct
342,2,0,"['dense', 'dense_1']",[],correct
343,0,2,[],"['dense', 'dense_1']",incorrect
344,1,1,['dense_1'],['dense'],uncertain
345,2,0,"['dense', 'dense_1']",[],correct
346,0,2,[],"['dense', 'dense_1']",incorrect
347,1,1,['dense_1'],['dense'],uncertain
348,1,1,['dense'],['dense_1'],uncertain
349,2,0,"['dense', 'dense_1']",[],correct
350,2,0,"['dense', 'dense_1']",[],correct
351,2,0,"['dense', 'dense_1']",[],correct
352,1,1,['dense'],['dense_1'],uncertain
353,0,2,[],"['dense', 'dense_1']",incorrect
354,2,0,"['dense', 'dense_1']",[],correct
355,2,0,"['dense', 'dense_1']",[],correct
356,0,2,[],"['dense', 'dense_1']",incorrect
357,2,0,"['dense', 'dense_1']",[],correct
358,2,0,"['dense', 'dense_1']",[],correct
359,1,1,['dense'],['dense_1'],uncertain
360,2,0,"['dense', 'dense_1']",[],correct
361,1,1,['dense'],['dense_1'],uncertain
362,1,1,['dense_1'],['dense'],uncertain
363,1,1,['dense'],['dense_1'],uncertain
364,2,0,"['dense', 'dense_1']",[],correct
365,2,0,"['dense', 'dense_1']",[],correct
366,2,0,"['dense', 'dense_1']",[],correct
367,2,0,"['dense', 'dense_1']",[],correct
368,1,1,['dense_1'],['dense'],uncertain
369,2,0,"['dense', 'dense_1']",[],correct
370,2,0,"['dense', 'dense_1']",[],correct
371,2,0,"['dense', 'dense_1']",[],correct
372,2,0,"['dense', 'dense_1']",[],correct
373,2,0,"['dense', 'dense_1']",[],correct
374,2,0,"['dense', 'dense_1']",[],correct
375,2,0,"['dense', 'dense_1']",[],correct
376,1,1,['dense'],['dense_1'],uncertain
377,1,1,['dense'],['dense_1'],uncertain
378,1,1,['dense_1'],['dense'],uncertain
379,1,1,['dense'],['dense_1'],uncertain
380,1,1,['dense'],['dense_1'],uncertain
381,0,2,[],"['dense', 'dense_1']",incorrect
382,1,1,['dense_1'],['dense'],uncertain
383,1,1,['dense_1'],['dense'],uncertain
384,1,1,['dense'],['dense_1'],uncertain
385,2,0,"['dense', 'dense_1']",[],correct
386,2,0,"['dense', 'dense_1']",[],correct
387,2,0,"['dense', 'dense_1']",[],correct
388,1,1,['dense'],['dense_1'],uncertain
389,2,0,"['dense', 'dense_1']",[],correct
390,2,0,"['dense', 'dense_1']",[],correct
391,1,1,['dense_1'],['dense'],uncertain
392,1,1,['dense'],['dense_1'],uncertain
393,1,1,['dense_1'],['dense'],uncertain
394,1,1,['dense'],['dense_1'],uncertain
395,2,0,"['dense', 'dense_1']",[],correct
396,2,0,"['dense', 'dense_1']",[],correct
397,2,0,"['dense', 'dense_1']",[],correct
398,2,0,"['dense', 'dense_1']",[],correct
399,2,0,"['dense', 'dense_1']",[],correct
400,2,0,"['dense', 'dense_1']",[],correct
401,1,1,['dense'],['dense_1'],uncertain
402,2,0,"['dense', 'dense_1']",[],correct
403,2,0,"['dense', 'dense_1']",[],correct
404,1,1,['dense'],['dense_1'],uncertain
405,2,0,"['dense', 'dense_1']",[],correct
406,1,1,['dense'],['dense_1'],uncertain
407,2,0,"['dense', 'dense_1']",[],correct
408,1,1,['dense'],['dense_1'],uncertain
409,2,0,"['dense', 'dense_1']",[],correct
410,2,0,"['dense', 'dense_1']",[],correct
411,1,1,['dense'],['dense_1'],uncertain
412,1,1,['dense_1'],['dense'],uncertain
413,2,0,"['dense', 'dense_1']",[],correct
414,2,0,"['dense', 'dense_1']",[],correct
415,2,0,"['dense', 'dense_1']",[],correct
416,1,1,['dense'],['dense_1'],uncertain
417,2,0,"['dense', 'dense_1']",[],correct
418,2,0,"['dense', 'dense_1']",[],correct
419,2,0,"['dense', 'dense_1']",[],correct
420,2,0,"['dense', 'dense_1']",[],correct
421,2,0,"['dense', 'dense_1']",[],correct
422,2,0,"['dense', 'dense_1']",[],correct
423,2,0,"['dense', 'dense_1']",[],correct
424,2,0,"['dense', 'dense_1']",[],correct
425,1,1,['dense'],['dense_1'],uncertain
426,1,1,['dense_1'],['dense'],uncertain
427,1,1,['dense_1'],['dense'],uncertain
428,2,0,"['dense', 'dense_1']",[],correct
429,2,0,"['dense', 'dense_1']",[],correct
430,2,0,"['dense', 'dense_1']",[],correct
431,2,0,"['dense', 'dense_1']",[],correct
432,2,0,"['dense', 'dense_1']",[],correct
433,2,0,"['dense', 'dense_1']",[],correct
434,1,1,['dense_1'],['dense'],uncertain
435,0,2,[],"['dense', 'dense_1']",incorrect
436,1,1,['dense_1'],['dense'],uncertain
437,2,0,"['dense', 'dense_1']",[],correct
438,2,0,"['dense', 'dense_1']",[],correct
439,2,0,"['dense', 'dense_1']",[],correct
440,2,0,"['dense', 'dense_1']",[],correct
441,2,0,"['dense', 'dense_1']",[],correct
442,1,1,['dense'],['dense_1'],uncertain
443,2,0,"['dense', 'dense_1']",[],correct
444,1,1,['dense'],['dense_1'],uncertain
445,0,2,[],"['dense', 'dense_1']",incorrect
446,0,2,[],"['dense', 'dense_1']",incorrect
447,2,0,"['dense', 'dense_1']",[],correct
448,2,0,"['dense', 'dense_1']",[],correct
449,2,0,"['dense', 'dense_1']",[],correct
450,2,0,"['dense', 'dense_1']",[],correct
451,2,0,"['dense', 'dense_1']",[],correct
452,2,0,"['dense', 'dense_1']",[],correct
453,1,1,['dense'],['dense_1'],uncertain
454,2,0,"['dense', 'dense_1']",[],correct
455,2,0,"['dense', 'dense_1']",[],correct
456,2,0,"['dense', 'dense_1']",[],correct
457,2,0,"['dense', 'dense_1']",[],correct
458,2,0,"['dense', 'dense_1']",[],correct
459,2,0,"['dense', 'dense_1']",[],correct
460,2,0,"['dense', 'dense_1']",[],correct
461,2,0,"['dense', 'dense_1']",[],correct
462,2,0,"['dense', 'dense_1']",[],correct
463,1,1,['dense'],['dense_1'],uncertain
464,1,1,['dense_1'],['dense'],uncertain
465,2,0,"['dense', 'dense_1']",[],correct
466,2,0,"['dense', 'dense_1']",[],correct
467,2,0,"['dense', 'dense_1']",[],correct
468,0,2,[],"['dense', 'dense_1']",incorrect
469,2,0,"['dense', 'dense_1']",[],correct
470,2,0,"['dense', 'dense_1']",[],correct
471,2,0,"['dense', 'dense_1']",[],correct
472,2,0,"['dense', 'dense_1']",[],correct
473,2,0,"['dense', 'dense_1']",[],correct
474,2,0,"['dense', 'dense_1']",[],correct
475,2,0,"['dense', 'dense_1']",[],correct
476,2,0,"['dense', 'dense_1']",[],correct
477,2,0,"['dense', 'dense_1']",[],correct
478,1,1,['dense'],['dense_1'],uncertain
479,2,0,"['dense', 'dense_1']",[],correct
480,2,0,"['dense', 'dense_1']",[],correct
481,1,1,['dense'],['dense_1'],uncertain
482,2,0,"['dense', 'dense_1']",[],correct
483,1,1,['dense'],['dense_1'],uncertain
484,2,0,"['dense', 'dense_1']",[],correct
485,2,0,"['dense', 'dense_1']",[],correct
486,0,2,[],"['dense', 'dense_1']",incorrect
487,2,0,"['dense', 'dense_1']",[],correct
488,1,1,['dense_1'],['dense'],uncertain
489,2,0,"['dense', 'dense_1']",[],correct
490,2,0,"['dense', 'dense_1']",[],correct
491,2,0,"['dense', 'dense_1']",[],correct
492,2,0,"['dense', 'dense_1']",[],correct
493,0,2,[],"['dense', 'dense_1']",incorrect
494,2,0,"['dense', 'dense_1']",[],correct
495,0,2,[],"['dense', 'dense_1']",incorrect
496,2,0,"['dense', 'dense_1']",[],correct
497,1,1,['dense'],['dense_1'],uncertain
498,1,1,['dense'],['dense_1'],uncertain
499,2,0,"['dense', 'dense_1']",[],correct
500,1,1,['dense'],['dense_1'],uncertain
501,1,1,['dense_1'],['dense'],uncertain
502,2,0,"['dense', 'dense_1']",[],correct
503,1,1,['dense'],['dense_1'],uncertain
504,1,1,['dense'],['dense_1'],uncertain
505,2,0,"['dense', 'dense_1']",[],correct
506,1,1,['dense_1'],['dense'],uncertain
507,1,1,['dense_1'],['dense'],uncertain
508,2,0,"['dense', 'dense_1']",[],correct
509,2,0,"['dense', 'dense_1']",[],correct
510,1,1,['dense'],['dense_1'],uncertain
511,1,1,['dense_1'],['dense'],uncertain
512,2,0,"['dense', 'dense_1']",[],correct
513,2,0,"['dense', 'dense_1']",[],correct
514,1,1,['dense_1'],['dense'],uncertain
515,2,0,"['dense', 'dense_1']",[],correct
516,2,0,"['dense', 'dense_1']",[],correct
517,1,1,['dense'],['dense_1'],uncertain
518,1,1,['dense_1'],['dense'],uncertain
519,2,0,"['dense', 'dense_1']",[],correct
520,2,0,"['dense', 'dense_1']",[],correct
521,2,0,"['dense', 'dense_1']",[],correct
522,1,1,['dense_1'],['dense'],uncertain
523,2,0,"['dense', 'dense_1']",[],correct
524,1,1,['dense'],['dense_1'],uncertain
525,1,1,['dense_1'],['dense'],uncertain
526,2,0,"['dense', 'dense_1']",[],correct
527,2,0,"['dense', 'dense_1']",[],correct
528,2,0,"['dense', 'dense_1']",[],correct
529,0,2,[],"['dense', 'dense_1']",incorrect
530,2,0,"['dense', 'dense_1']",[],correct
531,1,1,['dense_1'],['dense'],uncertain
532,2,0,"['dense', 'dense_1']",[],correct
533,2,0,"['dense', 'dense_1']",[],correct
534,1,1,['dense'],['dense_1'],uncertain
535,1,1,['dense_1'],['dense'],uncertain
536,2,0,"['dense', 'dense_1']",[],correct
537,1,1,['dense'],['dense_1'],uncertain
538,2,0,"['dense', 'dense_1']",[],correct
539,1,1,['dense'],['dense_1'],uncertain
540,2,0,"['dense', 'dense_1']",[],correct
541,2,0,"['dense', 'dense_1']",[],correct
542,1,1,['dense'],['dense_1'],uncertain
543,2,0,"['dense', 'dense_1']",[],correct
544,2,0,"['dense', 'dense_1']",[],correct
545,1,1,['dense_1'],['dense'],uncertain
546,1,1,['dense'],['dense_1'],uncertain
547,2,0,"['dense', 'dense_1']",[],correct
548,2,0,"['dense', 'dense_1']",[],correct
549,2,0,"['dense', 'dense_1']",[],correct
550,1,1,['dense'],['dense_1'],uncertain
551,1,1,['dense_1'],['dense'],uncertain
552,2,0,"['dense', 'dense_1']",[],correct
553,2,0,"['dense', 'dense_1']",[],correct
554,2,0,"['dense', 'dense_1']",[],correct
555,1,1,['dense'],['dense_1'],uncertain
556,2,0,"['dense', 'dense_1']",[],correct
557,2,0,"['dense', 'dense_1']",[],correct
558,1,1,['dense_1'],['dense'],uncertain
559,2,0,"['dense', 'dense_1']",[],correct
560,2,0,"['dense', 'dense_1']",[],correct
561,2,0,"['dense', 'dense_1']",[],correct
562,2,0,"['dense', 'dense_1']",[],correct
563,1,1,['dense_1'],['dense'],uncertain
564,2,0,"['dense', 'dense_1']",[],correct
565,1,1,['dense_1'],['dense'],uncertain
566,2,0,"['dense', 'dense_1']",[],correct
567,2,0,"['dense', 'dense_1']",[],correct
568,2,0,"['dense', 'dense_1']",[],correct
569,2,0,"['dense', 'dense_1']",[],correct
570,0,2,[],"['dense', 'dense_1']",incorrect
571,2,0,"['dense', 'dense_1']",[],correct
572,1,1,['dense_1'],['dense'],uncertain
573,1,1,['dense'],['dense_1'],uncertain
574,1,1,['dense'],['dense_1'],uncertain
575,2,0,"['dense', 'dense_1']",[],correct
576,2,0,"['dense', 'dense_1']",[],correct
577,2,0,"['dense', 'dense_1']",[],correct
578,2,0,"['dense', 'dense_1']",[],correct
579,1,1,['dense_1'],['dense'],uncertain
580,2,0,"['dense', 'dense_1']",[],correct
581,1,1,['dense_1'],['dense'],uncertain
582,2,0,"['dense', 'dense_1']",[],correct
583,2,0,"['dense', 'dense_1']",[],correct
584,2,0,"['dense', 'dense_1']",[],correct
585,2,0,"['dense', 'dense_1']",[],correct
586,2,0,"['dense', 'dense_1']",[],correct
587,2,0,"['dense', 'dense_1']",[],correct
588,1,1,['dense_1'],['dense'],uncertain
589,2,0,"['dense', 'dense_1']",[],correct
590,2,0,"['dense', 'dense_1']",[],correct
591,1,1,['dense_1'],['dense'],uncertain
592,1,1,['dense'],['dense_1'],uncertain
593,0,2,[],"['dense', 'dense_1']",incorrect
594,2,0,"['dense', 'dense_1']",[],correct
595,2,0,"['dense', 'dense_1']",[],correct
596,2,0,"['dense', 'dense_1']",[],correct
597,0,2,[],"['dense', 'dense_1']",incorrect
598,2,0,"['dense', 'dense_1']",[],correct
599,1,1,['dense_1'],['dense'],uncertain
600,1,1,['dense'],['dense_1'],uncertain
601,1,1,['dense'],['dense_1'],uncertain
602,2,0,"['dense', 'dense_1']",[],correct
603,2,0,"['dense', 'dense_1']",[],correct
604,0,2,[],"['dense', 'dense_1']",incorrect
605,2,0,"['dense', 'dense_1']",[],correct
606,2,0,"['dense', 'dense_1']",[],correct
607,2,0,"['dense', 'dense_1']",[],correct
608,2,0,"['dense', 'dense_1']",[],correct
609,2,0,"['dense', 'dense_1']",[],correct
610,2,0,"['dense', 'dense_1']",[],correct
611,2,0,"['dense', 'dense_1']",[],correct
612,1,1,['dense'],['dense_1'],uncertain
613,2,0,"['dense', 'dense_1']",[],correct
614,2,0,"['dense', 'dense_1']",[],correct
615,2,0,"['dense', 'dense_1']",[],correct
616,2,0,"['dense', 'dense_1']",[],correct
617,2,0,"['dense', 'dense_1']",[],correct
618,2,0,"['dense', 'dense_1']",[],correct
619,2,0,"['dense', 'dense_1']",[],correct
620,0,2,[],"['dense', 'dense_1']",incorrect
621,2,0,"['dense', 'dense_1']",[],correct
622,2,0,"['dense', 'dense_1']",[],correct
623,0,2,[],"['dense', 'dense_1']",incorrect
624,2,0,"['dense', 'dense_1']",[],correct
625,2,0,"['dense', 'dense_1']",[],correct
626,2,0,"['dense', 'dense_1']",[],correct
627,1,1,['dense'],['dense_1'],uncertain
628,2,0,"['dense', 'dense_1']",[],correct
629,2,0,"['dense', 'dense_1']",[],correct
630,2,0,"['dense', 'dense_1']",[],correct
631,2,0,"['dense', 'dense_1']",[],correct
632,2,0,"['dense', 'dense_1']",[],correct
633,1,1,['dense_1'],['dense'],uncertain
634,2,0,"['dense', 'dense_1']",[],correct
635,2,0,"['dense', 'dense_1']",[],correct
636,2,0,"['dense', 'dense_1']",[],correct
637,1,1,['dense'],['dense_1'],uncertain
638,2,0,"['dense', 'dense_1']",[],correct
639,1,1,['dense'],['dense_1'],uncertain
640,2,0,"['dense', 'dense_1']",[],correct
641,2,0,"['dense', 'dense_1']",[],correct
642,1,1,['dense_1'],['dense'],uncertain
643,2,0,"['dense', 'dense_1']",[],correct
644,2,0,"['dense', 'dense_1']",[],correct
645,2,0,"['dense', 'dense_1']",[],correct
646,2,0,"['dense', 'dense_1']",[],correct
647,1,1,['dense'],['dense_1'],uncertain
648,2,0,"['dense', 'dense_1']",[],correct
649,2,0,"['dense', 'dense_1']",[],correct
650,2,0,"['dense', 'dense_1']",[],correct
651,2,0,"['dense', 'dense_1']",[],correct
652,2,0,"['dense', 'dense_1']",[],correct
653,1,1,['dense'],['dense_1'],uncertain
654,2,0,"['dense', 'dense_1']",[],correct
655,2,0,"['dense', 'dense_1']",[],correct
656,1,1,['dense'],['dense_1'],uncertain
657,2,0,"['dense', 'dense_1']",[],correct
658,2,0,"['dense', 'dense_1']",[],correct
659,2,0,"['dense', 'dense_1']",[],correct
660,1,1,['dense'],['dense_1'],uncertain
661,1,1,['dense_1'],['dense'],uncertain
662,2,0,"['dense', 'dense_1']",[],correct
663,2,0,"['dense', 'dense_1']",[],correct
664,0,2,[],"['dense', 'dense_1']",incorrect
665,2,0,"['dense', 'dense_1']",[],correct
666,2,0,"['dense', 'dense_1']",[],correct
667,2,0,"['dense', 'dense_1']",[],correct
668,2,0,"['dense', 'dense_1']",[],correct
669,1,1,['dense_1'],['dense'],uncertain
670,2,0,"['dense', 'dense_1']",[],correct
671,2,0,"['dense', 'dense_1']",[],correct
672,1,1,['dense'],['dense_1'],uncertain
673,2,0,"['dense', 'dense_1']",[],correct
674,2,0,"['dense', 'dense_1']",[],correct
675,2,0,"['dense', 'dense_1']",[],correct
676,2,0,"['dense', 'dense_1']",[],correct
677,1,1,['dense_1'],['dense'],uncertain
678,1,1,['dense_1'],['dense'],uncertain
679,2,0,"['dense', 'dense_1']",[],correct
680,1,1,['dense'],['dense_1'],uncertain
681,2,0,"['dense', 'dense_1']",[],correct
682,2,0,"['dense', 'dense_1']",[],correct
683,1,1,['dense_1'],['dense'],uncertain
684,1,1,['dense_1'],['dense'],uncertain
685,1,1,['dense'],['dense_1'],uncertain
686,2,0,"['dense', 'dense_1']",[],correct
687,2,0,"['dense', 'dense_1']",[],correct
688,0,2,[],"['dense', 'dense_1']",incorrect
689,2,0,"['dense', 'dense_1']",[],correct
690,2,0,"['dense', 'dense_1']",[],correct
691,0,2,[],"['dense', 'dense_1']",incorrect
692,2,0,"['dense', 'dense_1']",[],correct
693,2,0,"['dense', 'dense_1']",[],correct
694,1,1,['dense'],['dense_1'],uncertain
695,1,1,['dense_1'],['dense'],uncertain
696,2,0,"['dense', 'dense_1']",[],correct
697,2,0,"['dense', 'dense_1']",[],correct
698,1,1,['dense_1'],['dense'],uncertain
699,0,2,[],"['dense', 'dense_1']",incorrect
700,2,0,"['dense', 'dense_1']",[],correct
701,2,0,"['dense', 'dense_1']",[],correct
702,2,0,"['dense', 'dense_1']",[],correct
703,2,0,"['dense', 'dense_1']",[],correct
704,1,1,['dense_1'],['dense'],uncertain
705,2,0,"['dense', 'dense_1']",[],correct
706,2,0,"['dense', 'dense_1']",[],correct
707,2,0,"['dense', 'dense_1']",[],correct
708,2,0,"['dense', 'dense_1']",[],correct
709,1,1,['dense_1'],['dense'],uncertain
710,1,1,['dense_1'],['dense'],uncertain
711,2,0,"['dense', 'dense_1']",[],correct
712,1,1,['dense'],['dense_1'],uncertain
713,2,0,"['dense', 'dense_1']",[],correct
714,1,1,['dense_1'],['dense'],uncertain
715,2,0,"['dense', 'dense_1']",[],correct
716,2,0,"['dense', 'dense_1']",[],correct
717,2,0,"['dense', 'dense_1']",[],correct
718,2,0,"['dense', 'dense_1']",[],correct
719,2,0,"['dense', 'dense_1']",[],correct
720,1,1,['dense'],['dense_1'],uncertain
721,2,0,"['dense', 'dense_1']",[],correct
722,2,0,"['dense', 'dense_1']",[],correct
723,2,0,"['dense', 'dense_1']",[],correct
724,2,0,"['dense', 'dense_1']",[],correct
725,2,0,"['dense', 'dense_1']",[],correct
726,1,1,['dense_1'],['dense'],uncertain
727,2,0,"['dense', 'dense_1']",[],correct
728,2,0,"['dense', 'dense_1']",[],correct
729,0,2,[],"['dense', 'dense_1']",incorrect
730,2,0,"['dense', 'dense_1']",[],correct
731,1,1,['dense'],['dense_1'],uncertain
732,2,0,"['dense', 'dense_1']",[],correct
733,2,0,"['dense', 'dense_1']",[],correct
734,1,1,['dense_1'],['dense'],uncertain
735,1,1,['dense_1'],['dense'],uncertain
736,2,0,"['dense', 'dense_1']",[],correct
737,2,0,"['dense', 'dense_1']",[],correct
738,2,0,"['dense', 'dense_1']",[],correct
739,0,2,[],"['dense', 'dense_1']",incorrect
740,2,0,"['dense', 'dense_1']",[],correct
741,1,1,['dense_1'],['dense'],uncertain
742,2,0,"['dense', 'dense_1']",[],correct
743,0,2,[],"['dense', 'dense_1']",incorrect
744,2,0,"['dense', 'dense_1']",[],correct
745,2,0,"['dense', 'dense_1']",[],correct
746,1,1,['dense'],['dense_1'],uncertain
747,1,1,['dense_1'],['dense'],uncertain
748,1,1,['dense_1'],['dense'],uncertain
749,2,0,"['dense', 'dense_1']",[],correct
750,2,0,"['dense', 'dense_1']",[],correct
751,2,0,"['dense', 'dense_1']",[],correct
752,1,1,['dense'],['dense_1'],uncertain
753,2,0,"['dense', 'dense_1']",[],correct
754,2,0,"['dense', 'dense_1']",[],correct
755,0,2,[],"['dense', 'dense_1']",incorrect
756,2,0,"['dense', 'dense_1']",[],correct
757,1,1,['dense'],['dense_1'],uncertain
758,2,0,"['dense', 'dense_1']",[],correct
759,2,0,"['dense', 'dense_1']",[],correct
760,2,0,"['dense', 'dense_1']",[],correct
761,1,1,['dense_1'],['dense'],uncertain
762,2,0,"['dense', 'dense_1']",[],correct
763,2,0,"['dense', 'dense_1']",[],correct
764,2,0,"['dense', 'dense_1']",[],correct
765,1,1,['dense_1'],['dense'],uncertain
766,2,0,"['dense', 'dense_1']",[],correct
767,0,2,[],"['dense', 'dense_1']",incorrect
768,2,0,"['dense', 'dense_1']",[],correct
769,2,0,"['dense', 'dense_1']",[],correct
770,2,0,"['dense', 'dense_1']",[],correct
771,2,0,"['dense', 'dense_1']",[],correct
772,2,0,"['dense', 'dense_1']",[],correct
773,2,0,"['dense', 'dense_1']",[],correct
774,2,0,"['dense', 'dense_1']",[],correct
775,1,1,['dense_1'],['dense'],uncertain
776,2,0,"['dense', 'dense_1']",[],correct
777,1,1,['dense_1'],['dense'],uncertain
778,1,1,['dense'],['dense_1'],uncertain
779,0,2,[],"['dense', 'dense_1']",incorrect
780,2,0,"['dense', 'dense_1']",[],correct
781,1,1,['dense'],['dense_1'],uncertain
782,1,1,['dense'],['dense_1'],uncertain
783,2,0,"['dense', 'dense_1']",[],correct
784,2,0,"['dense', 'dense_1']",[],correct
785,2,0,"['dense', 'dense_1']",[],correct
786,2,0,"['dense', 'dense_1']",[],correct
787,2,0,"['dense', 'dense_1']",[],correct
788,0,2,[],"['dense', 'dense_1']",incorrect
789,2,0,"['dense', 'dense_1']",[],correct
790,2,0,"['dense', 'dense_1']",[],correct
791,1,1,['dense'],['dense_1'],uncertain
792,2,0,"['dense', 'dense_1']",[],correct
793,1,1,['dense'],['dense_1'],uncertain
794,2,0,"['dense', 'dense_1']",[],correct
795,2,0,"['dense', 'dense_1']",[],correct
796,0,2,[],"['dense', 'dense_1']",incorrect
797,2,0,"['dense', 'dense_1']",[],correct
798,2,0,"['dense', 'dense_1']",[],correct
799,1,1,['dense'],['dense_1'],uncertain
800,2,0,"['dense', 'dense_1']",[],correct
801,2,0,"['dense', 'dense_1']",[],correct
802,2,0,"['dense', 'dense_1']",[],correct
803,2,0,"['dense', 'dense_1']",[],correct
804,2,0,"['dense', 'dense_1']",[],correct
805,1,1,['dense_1'],['dense'],uncertain
806,1,1,['dense_1'],['dense'],uncertain
807,1,1,['dense'],['dense_1'],uncertain
808,1,1,['dense_1'],['dense'],uncertain
809,2,0,"['dense', 'dense_1']",[],correct
810,2,0,"['dense', 'dense_1']",[],correct
811,1,1,['dense_1'],['dense'],uncertain
812,2,0,"['dense', 'dense_1']",[],correct
813,2,0,"['dense', 'dense_1']",[],correct
814,2,0,"['dense', 'dense_1']",[],correct
815,2,0,"['dense', 'dense_1']",[],correct
816,2,0,"['dense', 'dense_1']",[],correct
817,2,0,"['dense', 'dense_1']",[],correct
818,2,0,"['dense', 'dense_1']",[],correct
819,2,0,"['dense', 'dense_1']",[],correct
820,2,0,"['dense', 'dense_1']",[],correct
821,1,1,['dense'],['dense_1'],uncertain
822,1,1,['dense'],['dense_1'],uncertain
823,1,1,['dense_1'],['dense'],uncertain
824,2,0,"['dense', 'dense_1']",[],correct
825,2,0,"['dense', 'dense_1']",[],correct
826,2,0,"['dense', 'dense_1']",[],correct
827,2,0,"['dense', 'dense_1']",[],correct
828,2,0,"['dense', 'dense_1']",[],correct
829,2,0,"['dense', 'dense_1']",[],correct
830,2,0,"['dense', 'dense_1']",[],correct
831,2,0,"['dense', 'dense_1']",[],correct
832,2,0,"['dense', 'dense_1']",[],correct
833,2,0,"['dense', 'dense_1']",[],correct
834,2,0,"['dense', 'dense_1']",[],correct
835,2,0,"['dense', 'dense_1']",[],correct
836,2,0,"['dense', 'dense_1']",[],correct
837,1,1,['dense_1'],['dense'],uncertain
838,2,0,"['dense', 'dense_1']",[],correct
839,2,0,"['dense', 'dense_1']",[],correct
840,1,1,['dense'],['dense_1'],uncertain
841,1,1,['dense_1'],['dense'],uncertain
842,2,0,"['dense', 'dense_1']",[],correct
843,2,0,"['dense', 'dense_1']",[],correct
844,2,0,"['dense', 'dense_1']",[],correct
845,2,0,"['dense', 'dense_1']",[],correct
846,2,0,"['dense', 'dense_1']",[],correct
847,1,1,['dense_1'],['dense'],uncertain
848,1,1,['dense_1'],['dense'],uncertain
849,2,0,"['dense', 'dense_1']",[],correct
850,1,1,['dense'],['dense_1'],uncertain
851,2,0,"['dense', 'dense_1']",[],correct
852,1,1,['dense'],['dense_1'],uncertain
853,1,1,['dense_1'],['dense'],uncertain
854,2,0,"['dense', 'dense_1']",[],correct
855,2,0,"['dense', 'dense_1']",[],correct
856,1,1,['dense_1'],['dense'],uncertain
857,2,0,"['dense', 'dense_1']",[],correct
858,2,0,"['dense', 'dense_1']",[],correct
859,2,0,"['dense', 'dense_1']",[],correct
860,1,1,['dense_1'],['dense'],uncertain
861,2,0,"['dense', 'dense_1']",[],correct
862,2,0,"['dense', 'dense_1']",[],correct
863,1,1,['dense'],['dense_1'],uncertain
864,2,0,"['dense', 'dense_1']",[],correct
865,0,2,[],"['dense', 'dense_1']",incorrect
866,0,2,[],"['dense', 'dense_1']",incorrect
867,2,0,"['dense', 'dense_1']",[],correct
868,2,0,"['dense', 'dense_1']",[],correct
869,2,0,"['dense', 'dense_1']",[],correct
870,2,0,"['dense', 'dense_1']",[],correct
871,2,0,"['dense', 'dense_1']",[],correct
872,2,0,"['dense', 'dense_1']",[],correct
873,1,1,['dense'],['dense_1'],uncertain
874,2,0,"['dense', 'dense_1']",[],correct
875,2,0,"['dense', 'dense_1']",[],correct
876,2,0,"['dense', 'dense_1']",[],correct
877,2,0,"['dense', 'dense_1']",[],correct
878,1,1,['dense_1'],['dense'],uncertain
879,2,0,"['dense', 'dense_1']",[],correct
880,1,1,['dense'],['dense_1'],uncertain
881,2,0,"['dense', 'dense_1']",[],correct
882,1,1,['dense_1'],['dense'],uncertain
883,2,0,"['dense', 'dense_1']",[],correct
884,2,0,"['dense', 'dense_1']",[],correct
885,1,1,['dense'],['dense_1'],uncertain
886,2,0,"['dense', 'dense_1']",[],correct
887,2,0,"['dense', 'dense_1']",[],correct
888,2,0,"['dense', 'dense_1']",[],correct
889,2,0,"['dense', 'dense_1']",[],correct
890,2,0,"['dense', 'dense_1']",[],correct
891,1,1,['dense_1'],['dense'],uncertain
892,2,0,"['dense', 'dense_1']",[],correct
893,2,0,"['dense', 'dense_1']",[],correct
894,2,0,"['dense', 'dense_1']",[],correct
895,2,0,"['dense', 'dense_1']",[],correct
896,2,0,"['dense', 'dense_1']",[],correct
897,2,0,"['dense', 'dense_1']",[],correct
898,2,0,"['dense', 'dense_1']",[],correct
899,0,2,[],"['dense', 'dense_1']",incorrect
900,2,0,"['dense', 'dense_1']",[],correct
901,1,1,['dense'],['dense_1'],uncertain
902,1,1,['dense_1'],['dense'],uncertain
903,1,1,['dense'],['dense_1'],uncertain
904,2,0,"['dense', 'dense_1']",[],correct
905,2,0,"['dense', 'dense_1']",[],correct
906,0,2,[],"['dense', 'dense_1']",incorrect
907,1,1,['dense_1'],['dense'],uncertain
908,1,1,['dense'],['dense_1'],uncertain
909,2,0,"['dense', 'dense_1']",[],correct
910,2,0,"['dense', 'dense_1']",[],correct
911,2,0,"['dense', 'dense_1']",[],correct
912,2,0,"['dense', 'dense_1']",[],correct
913,2,0,"['dense', 'dense_1']",[],correct
914,2,0,"['dense', 'dense_1']",[],correct
915,1,1,['dense'],['dense_1'],uncertain
916,2,0,"['dense', 'dense_1']",[],correct
917,1,1,['dense_1'],['dense'],uncertain
918,2,0,"['dense', 'dense_1']",[],correct
919,2,0,"['dense', 'dense_1']",[],correct
920,2,0,"['dense', 'dense_1']",[],correct
921,2,0,"['dense', 'dense_1']",[],correct
922,2,0,"['dense', 'dense_1']",[],correct
923,2,0,"['dense', 'dense_1']",[],correct
924,2,0,"['dense', 'dense_1']",[],correct
925,2,0,"['dense', 'dense_1']",[],correct
926,1,1,['dense_1'],['dense'],uncertain
927,2,0,"['dense', 'dense_1']",[],correct
928,2,0,"['dense', 'dense_1']",[],correct
929,2,0,"['dense', 'dense_1']",[],correct
930,2,0,"['dense', 'dense_1']",[],correct
931,2,0,"['dense', 'dense_1']",[],correct
932,2,0,"['dense', 'dense_1']",[],correct
933,1,1,['dense'],['dense_1'],uncertain
934,2,0,"['dense', 'dense_1']",[],correct
935,2,0,"['dense', 'dense_1']",[],correct
936,2,0,"['dense', 'dense_1']",[],correct
937,2,0,"['dense', 'dense_1']",[],correct
938,1,1,['dense'],['dense_1'],uncertain
939,1,1,['dense_1'],['dense'],uncertain
940,2,0,"['dense', 'dense_1']",[],correct
941,2,0,"['dense', 'dense_1']",[],correct
942,2,0,"['dense', 'dense_1']",[],correct
943,2,0,"['dense', 'dense_1']",[],correct
944,2,0,"['dense', 'dense_1']",[],correct
945,0,2,[],"['dense', 'dense_1']",incorrect
946,2,0,"['dense', 'dense_1']",[],correct
947,2,0,"['dense', 'dense_1']",[],correct
948,2,0,"['dense', 'dense_1']",[],correct
949,2,0,"['dense', 'dense_1']",[],correct
950,2,0,"['dense', 'dense_1']",[],correct
951,1,1,['dense'],['dense_1'],uncertain
952,2,0,"['dense', 'dense_1']",[],correct
953,2,0,"['dense', 'dense_1']",[],correct
954,1,1,['dense_1'],['dense'],uncertain
955,1,1,['dense'],['dense_1'],uncertain
956,2,0,"['dense', 'dense_1']",[],correct
957,1,1,['dense_1'],['dense'],uncertain
958,1,1,['dense'],['dense_1'],uncertain
959,1,1,['dense_1'],['dense'],uncertain
960,1,1,['dense_1'],['dense'],uncertain
961,2,0,"['dense', 'dense_1']",[],correct
962,1,1,['dense'],['dense_1'],uncertain
963,2,0,"['dense', 'dense_1']",[],correct
964,0,2,[],"['dense', 'dense_1']",incorrect
965,2,0,"['dense', 'dense_1']",[],correct
966,2,0,"['dense', 'dense_1']",[],correct
967,2,0,"['dense', 'dense_1']",[],correct
968,2,0,"['dense', 'dense_1']",[],correct
969,1,1,['dense_1'],['dense'],uncertain
970,2,0,"['dense', 'dense_1']",[],correct
971,2,0,"['dense', 'dense_1']",[],correct
972,2,0,"['dense', 'dense_1']",[],correct
973,2,0,"['dense', 'dense_1']",[],correct
974,2,0,"['dense', 'dense_1']",[],correct
975,0,2,[],"['dense', 'dense_1']",incorrect
976,2,0,"['dense', 'dense_1']",[],correct
977,1,1,['dense_1'],['dense'],uncertain
978,2,0,"['dense', 'dense_1']",[],correct
979,2,0,"['dense', 'dense_1']",[],correct
980,2,0,"['dense', 'dense_1']",[],correct
981,1,1,['dense_1'],['dense'],uncertain
982,2,0,"['dense', 'dense_1']",[],correct
983,2,0,"['dense', 'dense_1']",[],correct
984,1,1,['dense_1'],['dense'],uncertain
985,2,0,"['dense', 'dense_1']",[],correct
986,1,1,['dense_1'],['dense'],uncertain
987,1,1,['dense_1'],['dense'],uncertain
988,2,0,"['dense', 'dense_1']",[],correct
989,1,1,['dense'],['dense_1'],uncertain
990,2,0,"['dense', 'dense_1']",[],correct
991,2,0,"['dense', 'dense_1']",[],correct
992,0,2,[],"['dense', 'dense_1']",incorrect
993,1,1,['dense_1'],['dense'],uncertain
994,1,1,['dense'],['dense_1'],uncertain
995,2,0,"['dense', 'dense_1']",[],correct
996,1,1,['dense_1'],['dense'],uncertain
997,2,0,"['dense', 'dense_1']",[],correct
998,2,0,"['dense', 'dense_1']",[],correct
999,1,1,['dense_1'],['dense'],uncertain
1000,2,0,"['dense', 'dense_1']",[],correct
1001,2,0,"['dense', 'dense_1']",[],correct
1002,2,0,"['dense', 'dense_1']",[],correct
1003,1,1,['dense_1'],['dense'],uncertain
1004,1,1,['dense'],['dense_1'],uncertain
1005,1,1,['dense_1'],['dense'],uncertain
1006,2,0,"['dense', 'dense_1']",[],correct
1007,1,1,['dense'],['dense_1'],uncertain
1008,2,0,"['dense', 'dense_1']",[],correct
1009,1,1,['dense_1'],['dense'],uncertain
1010,1,1,['dense'],['dense_1'],uncertain
1011,2,0,"['dense', 'dense_1']",[],correct
1012,1,1,['dense'],['dense_1'],uncertain
1013,1,1,['dense_1'],['dense'],uncertain
1014,2,0,"['dense', 'dense_1']",[],correct
1015,2,0,"['dense', 'dense_1']",[],correct
1016,2,0,"['dense', 'dense_1']",[],correct
1017,2,0,"['dense', 'dense_1']",[],correct
1018,2,0,"['dense', 'dense_1']",[],correct
1019,2,0,"['dense', 'dense_1']",[],correct
1020,2,0,"['dense', 'dense_1']",[],correct
1021,1,1,['dense_1'],['dense'],uncertain
1022,2,0,"['dense', 'dense_1']",[],correct
1023,2,0,"['dense', 'dense_1']",[],correct
1024,2,0,"['dense', 'dense_1']",[],correct
1025,2,0,"['dense', 'dense_1']",[],correct
1026,0,2,[],"['dense', 'dense_1']",incorrect
1027,2,0,"['dense', 'dense_1']",[],correct
1028,2,0,"['dense', 'dense_1']",[],correct
1029,2,0,"['dense', 'dense_1']",[],correct
1030,2,0,"['dense', 'dense_1']",[],correct
1031,2,0,"['dense', 'dense_1']",[],correct
1032,1,1,['dense_1'],['dense'],uncertain
1033,1,1,['dense'],['dense_1'],uncertain
1034,1,1,['dense_1'],['dense'],uncertain
1035,1,1,['dense_1'],['dense'],uncertain
1036,2,0,"['dense', 'dense_1']",[],correct
1037,2,0,"['dense', 'dense_1']",[],correct
1038,2,0,"['dense', 'dense_1']",[],correct
1039,2,0,"['dense', 'dense_1']",[],correct
1040,2,0,"['dense', 'dense_1']",[],correct
1041,2,0,"['dense', 'dense_1']",[],correct
1042,2,0,"['dense', 'dense_1']",[],correct
1043,2,0,"['dense', 'dense_1']",[],correct
1044,2,0,"['dense', 'dense_1']",[],correct
1045,2,0,"['dense', 'dense_1']",[],correct
1046,2,0,"['dense', 'dense_1']",[],correct
1047,2,0,"['dense', 'dense_1']",[],correct
1048,2,0,"['dense', 'dense_1']",[],correct
1049,1,1,['dense_1'],['dense'],uncertain
1050,2,0,"['dense', 'dense_1']",[],correct
1051,1,1,['dense'],['dense_1'],uncertain
1052,2,0,"['dense', 'dense_1']",[],correct
1053,1,1,['dense'],['dense_1'],uncertain
1054,2,0,"['dense', 'dense_1']",[],correct
1055,2,0,"['dense', 'dense_1']",[],correct
1056,2,0,"['dense', 'dense_1']",[],correct
1057,2,0,"['dense', 'dense_1']",[],correct
